Difficulty,Title,Frequency,Acceptance Rate,Link,Topics
EASY,Convert Sorted Array to Binary Search Tree,0,0.741,https://leetcode.com/problems/convert-sorted-array-to-binary-search-tree,"Array, Divide and Conquer, Tree, Binary Search Tree, Binary Tree"
MEDIUM,Capacity To Ship Packages Within D Days,0,0.723,https://leetcode.com/problems/capacity-to-ship-packages-within-d-days,"Array, Binary Search"
MEDIUM,House Robber III,0,0.55,https://leetcode.com/problems/house-robber-iii,"Dynamic Programming, Tree, Depth-First Search, Binary Tree"
MEDIUM,Beautiful Arrangement,0,0.645,https://leetcode.com/problems/beautiful-arrangement,"Array, Dynamic Programming, Backtracking, Bit Manipulation, Bitmask"
HARD,Number of Possible Sets of Closing Branches,0,0.486,https://leetcode.com/problems/number-of-possible-sets-of-closing-branches,"Bit Manipulation, Graph, Heap (Priority Queue), Enumeration, Shortest Path"
HARD,Strange Printer,0,0.608,https://leetcode.com/problems/strange-printer,"String, Dynamic Programming"
HARD,Shortest Common Supersequence,0,0.614,https://leetcode.com/problems/shortest-common-supersequence,"String, Dynamic Programming"
EASY,Two Sum,0,0.5589999999999999,https://leetcode.com/problems/two-sum,"Array, Hash Table"
HARD,Maximum Height by Stacking Cuboids,0,0.602,https://leetcode.com/problems/maximum-height-by-stacking-cuboids,"Array, Dynamic Programming, Sorting"
EASY,Flood Fill,0,0.6659999999999999,https://leetcode.com/problems/flood-fill,"Array, Depth-First Search, Breadth-First Search, Matrix"
MEDIUM,Design Circular Deque,0,0.644,https://leetcode.com/problems/design-circular-deque,"Array, Linked List, Design, Queue"
HARD,Frog Jump,0,0.466,https://leetcode.com/problems/frog-jump,"Array, Dynamic Programming"
MEDIUM,My Calendar II,0,0.623,https://leetcode.com/problems/my-calendar-ii,"Array, Binary Search, Design, Segment Tree, Prefix Sum, Ordered Set"
MEDIUM,Asteroid Collision,0,0.456,https://leetcode.com/problems/asteroid-collision,"Array, Stack, Simulation"
EASY,Diameter of Binary Tree,0,0.637,https://leetcode.com/problems/diameter-of-binary-tree,"Tree, Depth-First Search, Binary Tree"
HARD,Stickers to Spell Word,0,0.501,https://leetcode.com/problems/stickers-to-spell-word,"Array, Hash Table, String, Dynamic Programming, Backtracking, Bit Manipulation, Memoization, Bitmask"
MEDIUM,Detect Cycles in 2D Grid,0,0.505,https://leetcode.com/problems/detect-cycles-in-2d-grid,"Array, Depth-First Search, Breadth-First Search, Union Find, Matrix"
HARD,Sudoku Solver,0,0.64,https://leetcode.com/problems/sudoku-solver,"Array, Hash Table, Backtracking, Matrix"
MEDIUM,All Nodes Distance K in Binary Tree,0,0.665,https://leetcode.com/problems/all-nodes-distance-k-in-binary-tree,"Hash Table, Tree, Depth-First Search, Breadth-First Search, Binary Tree"
MEDIUM,Rotate Image,0,0.78,https://leetcode.com/problems/rotate-image,"Array, Math, Matrix"
MEDIUM,Surrounded Regions,0,0.43,https://leetcode.com/problems/surrounded-regions,"Array, Depth-First Search, Breadth-First Search, Union Find, Matrix"
MEDIUM,Longest Substring Without Repeating Characters,0,0.37,https://leetcode.com/problems/longest-substring-without-repeating-characters,"Hash Table, String, Sliding Window"
MEDIUM,Diagonal Traverse,0,0.632,https://leetcode.com/problems/diagonal-traverse,"Array, Matrix, Simulation"
MEDIUM,Task Scheduler,0,0.616,https://leetcode.com/problems/task-scheduler,"Array, Hash Table, Greedy, Sorting, Heap (Priority Queue), Counting"
EASY,Maximum Depth of Binary Tree,0,0.772,https://leetcode.com/problems/maximum-depth-of-binary-tree,"Tree, Depth-First Search, Breadth-First Search, Binary Tree"
MEDIUM,Reduce Array Size to The Half,0,0.691,https://leetcode.com/problems/reduce-array-size-to-the-half,"Array, Hash Table, Greedy, Sorting, Heap (Priority Queue)"
HARD,Critical Connections in a Network,0,0.579,https://leetcode.com/problems/critical-connections-in-a-network,"Depth-First Search, Graph, Biconnected Component"
MEDIUM,Valid Sudoku,0,0.624,https://leetcode.com/problems/valid-sudoku,"Array, Hash Table, Matrix"
MEDIUM,Find Latest Group of Size M,0,0.431,https://leetcode.com/problems/find-latest-group-of-size-m,"Array, Hash Table, Binary Search, Simulation"
MEDIUM,Recover Binary Search Tree,0,0.565,https://leetcode.com/problems/recover-binary-search-tree,"Tree, Depth-First Search, Binary Search Tree, Binary Tree"
MEDIUM,Minimize Maximum of Array,0,0.4639999999999999,https://leetcode.com/problems/minimize-maximum-of-array,"Array, Binary Search, Dynamic Programming, Greedy, Prefix Sum"
MEDIUM,Best Time to Buy and Sell Stock with Cooldown,0,0.605,https://leetcode.com/problems/best-time-to-buy-and-sell-stock-with-cooldown,"Array, Dynamic Programming"
HARD,Word Break II,0,0.537,https://leetcode.com/problems/word-break-ii,"Array, Hash Table, String, Dynamic Programming, Backtracking, Trie, Memoization"
MEDIUM,Search in Rotated Sorted Array,0,0.429,https://leetcode.com/problems/search-in-rotated-sorted-array,"Array, Binary Search"
MEDIUM,Spiral Matrix,0,0.541,https://leetcode.com/problems/spiral-matrix,"Array, Matrix, Simulation"
MEDIUM,Maximum Subarray Sum with One Deletion,0,0.452,https://leetcode.com/problems/maximum-subarray-sum-with-one-deletion,"Array, Dynamic Programming"
MEDIUM,Construct Binary Search Tree from Preorder Traversal,0,0.8340000000000001,https://leetcode.com/problems/construct-binary-search-tree-from-preorder-traversal,"Array, Stack, Tree, Binary Search Tree, Monotonic Stack, Binary Tree"
MEDIUM,Count Number of Nice Subarrays,0,0.7340000000000001,https://leetcode.com/problems/count-number-of-nice-subarrays,"Array, Hash Table, Math, Sliding Window, Prefix Sum"
HARD,Distinct Subsequences,0,0.502,https://leetcode.com/problems/distinct-subsequences,"String, Dynamic Programming"
MEDIUM,Can I Win,0,0.304,https://leetcode.com/problems/can-i-win,"Math, Dynamic Programming, Bit Manipulation, Memoization, Game Theory, Bitmask"
MEDIUM,Trim a Binary Search Tree,0,0.664,https://leetcode.com/problems/trim-a-binary-search-tree,"Tree, Depth-First Search, Binary Search Tree, Binary Tree"
MEDIUM,Non-overlapping Intervals,0,0.556,https://leetcode.com/problems/non-overlapping-intervals,"Array, Dynamic Programming, Greedy, Sorting"
MEDIUM,Best Time to Buy and Sell Stock with Transaction Fee,0,0.706,https://leetcode.com/problems/best-time-to-buy-and-sell-stock-with-transaction-fee,"Array, Dynamic Programming, Greedy"
MEDIUM,Number of Ways to Arrive at Destination,0,0.374,https://leetcode.com/problems/number-of-ways-to-arrive-at-destination,"Dynamic Programming, Graph, Topological Sort, Shortest Path"
MEDIUM,Maximum Number of Vowels in a Substring of Given Length,0,0.605,https://leetcode.com/problems/maximum-number-of-vowels-in-a-substring-of-given-length,"String, Sliding Window"
MEDIUM,Maximum Xor Product,0,0.271,https://leetcode.com/problems/maximum-xor-product,"Math, Greedy, Bit Manipulation"
HARD,Best Time to Buy and Sell Stock IV,0,0.473,https://leetcode.com/problems/best-time-to-buy-and-sell-stock-iv,"Array, Dynamic Programming"
MEDIUM,Minimum Number of Operations to Make X and Y Equal,0,0.475,https://leetcode.com/problems/minimum-number-of-operations-to-make-x-and-y-equal,"Dynamic Programming, Breadth-First Search, Memoization"
HARD,Number of Ways to Reorder Array to Get Same BST,0,0.536,https://leetcode.com/problems/number-of-ways-to-reorder-array-to-get-same-bst,"Binary Search Tree, Memoization, Combinatorics, Binary Tree"
MEDIUM,Construct Binary Tree from Preorder and Inorder Traversal,0,0.669,https://leetcode.com/problems/construct-binary-tree-from-preorder-and-inorder-traversal,"Array, Hash Table, Divide and Conquer, Tree, Binary Tree"
EASY,Points That Intersect With Cars,0,0.7290000000000001,https://leetcode.com/problems/points-that-intersect-with-cars,"Array, Hash Table, Prefix Sum"
MEDIUM,Insert Interval,0,0.436,https://leetcode.com/problems/insert-interval,Array
EASY,Maximum Depth of N-ary Tree,0,0.73,https://leetcode.com/problems/maximum-depth-of-n-ary-tree,"Tree, Depth-First Search, Breadth-First Search"
MEDIUM,Combinations,0,0.73,https://leetcode.com/problems/combinations,Backtracking
HARD,Vertical Order Traversal of a Binary Tree,0,0.515,https://leetcode.com/problems/vertical-order-traversal-of-a-binary-tree,"Hash Table, Tree, Depth-First Search, Breadth-First Search, Sorting, Binary Tree"
MEDIUM,Subarray Product Less Than K,0,0.529,https://leetcode.com/problems/subarray-product-less-than-k,"Array, Binary Search, Sliding Window, Prefix Sum"
MEDIUM,Convert Sorted List to Binary Search Tree,0,0.6459999999999999,https://leetcode.com/problems/convert-sorted-list-to-binary-search-tree,"Divide and Conquer, Tree, Binary Search Tree, Binary Tree"
MEDIUM,Sort Colors,0,0.677,https://leetcode.com/problems/sort-colors,"Array, Two Pointers, Sorting"
MEDIUM,Peak Index in a Mountain Array,0,0.675,https://leetcode.com/problems/peak-index-in-a-mountain-array,"Array, Binary Search"
MEDIUM,Maximum Tastiness of Candy Basket,0,0.6629999999999999,https://leetcode.com/problems/maximum-tastiness-of-candy-basket,"Array, Binary Search, Greedy, Sorting"
MEDIUM,Shortest Path in Binary Matrix,0,0.499,https://leetcode.com/problems/shortest-path-in-binary-matrix,"Array, Breadth-First Search, Matrix"
MEDIUM,Number of Provinces,0,0.688,https://leetcode.com/problems/number-of-provinces,"Depth-First Search, Breadth-First Search, Union Find, Graph"
EASY,Best Time to Buy and Sell Stock,0,0.5529999999999999,https://leetcode.com/problems/best-time-to-buy-and-sell-stock,"Array, Dynamic Programming"
MEDIUM,Accounts Merge,0,0.597,https://leetcode.com/problems/accounts-merge,"Array, Hash Table, String, Depth-First Search, Breadth-First Search, Union Find, Sorting"
MEDIUM,Number of Islands,0,0.624,https://leetcode.com/problems/number-of-islands,"Array, Depth-First Search, Breadth-First Search, Union Find, Matrix"
HARD,The Skyline Problem,0,0.44,https://leetcode.com/problems/the-skyline-problem,"Array, Divide and Conquer, Binary Indexed Tree, Segment Tree, Line Sweep, Heap (Priority Queue), Ordered Set"
MEDIUM,Product of the Last K Numbers,0,0.628,https://leetcode.com/problems/product-of-the-last-k-numbers,"Array, Math, Design, Data Stream, Prefix Sum"
MEDIUM,Group Anagrams,0,0.71,https://leetcode.com/problems/group-anagrams,"Array, Hash Table, String, Sorting"
HARD,Maximize the Minimum Powered City,0,0.332,https://leetcode.com/problems/maximize-the-minimum-powered-city,"Array, Binary Search, Greedy, Queue, Sliding Window, Prefix Sum"
MEDIUM,Majority Element II,0,0.545,https://leetcode.com/problems/majority-element-ii,"Array, Hash Table, Sorting, Counting"
MEDIUM,All Elements in Two Binary Search Trees,0,0.8,https://leetcode.com/problems/all-elements-in-two-binary-search-trees,"Tree, Depth-First Search, Binary Search Tree, Sorting, Binary Tree"
HARD,LFU Cache,0,0.4679999999999999,https://leetcode.com/problems/lfu-cache,"Hash Table, Linked List, Design, Doubly-Linked List"
MEDIUM,Partition to K Equal Sum Subsets,0,0.381,https://leetcode.com/problems/partition-to-k-equal-sum-subsets,"Array, Dynamic Programming, Backtracking, Bit Manipulation, Memoization, Bitmask"
EASY,Design HashMap,0,0.659,https://leetcode.com/problems/design-hashmap,"Array, Hash Table, Linked List, Design, Hash Function"
HARD,Subarrays with K Different Integers,0,0.66,https://leetcode.com/problems/subarrays-with-k-different-integers,"Array, Hash Table, Sliding Window, Counting"
EASY,Implement Queue using Stacks,0,0.6809999999999999,https://leetcode.com/problems/implement-queue-using-stacks,"Stack, Design, Queue"
MEDIUM,Number of Enclaves,0,0.7070000000000001,https://leetcode.com/problems/number-of-enclaves,"Array, Depth-First Search, Breadth-First Search, Union Find, Matrix"
MEDIUM,Maximum Number of Occurrences of a Substring,0,0.535,https://leetcode.com/problems/maximum-number-of-occurrences-of-a-substring,"Hash Table, String, Sliding Window"
HARD,Bus Routes,0,0.47,https://leetcode.com/problems/bus-routes,"Array, Hash Table, Breadth-First Search"
MEDIUM,Last Stone Weight II,0,0.5770000000000001,https://leetcode.com/problems/last-stone-weight-ii,"Array, Dynamic Programming"
EASY,Minimum Distance Between BST Nodes,0,0.604,https://leetcode.com/problems/minimum-distance-between-bst-nodes,"Tree, Depth-First Search, Breadth-First Search, Binary Search Tree, Binary Tree"
MEDIUM,Subsets,0,0.81,https://leetcode.com/problems/subsets,"Array, Backtracking, Bit Manipulation"
MEDIUM,Number of Closed Islands,0,0.667,https://leetcode.com/problems/number-of-closed-islands,"Array, Depth-First Search, Breadth-First Search, Union Find, Matrix"
MEDIUM,Next Permutation,0,0.432,https://leetcode.com/problems/next-permutation,"Array, Two Pointers"
MEDIUM,Kth Smallest Element in a BST,0,0.754,https://leetcode.com/problems/kth-smallest-element-in-a-bst,"Tree, Depth-First Search, Binary Search Tree, Binary Tree"
MEDIUM,Shopping Offers,0,0.519,https://leetcode.com/problems/shopping-offers,"Array, Dynamic Programming, Backtracking, Bit Manipulation, Memoization, Bitmask"
HARD,Find Minimum in Rotated Sorted Array II,0,0.441,https://leetcode.com/problems/find-minimum-in-rotated-sorted-array-ii,"Array, Binary Search"
HARD,Largest Rectangle in Histogram,0,0.475,https://leetcode.com/problems/largest-rectangle-in-histogram,"Array, Stack, Monotonic Stack"
MEDIUM,Find K Closest Elements,0,0.487,https://leetcode.com/problems/find-k-closest-elements,"Array, Two Pointers, Binary Search, Sliding Window, Sorting, Heap (Priority Queue)"
MEDIUM,Maximum Difference Score in a Grid,0,0.467,https://leetcode.com/problems/maximum-difference-score-in-a-grid,"Array, Dynamic Programming, Matrix"
MEDIUM,Find Minimum in Rotated Sorted Array,0,0.527,https://leetcode.com/problems/find-minimum-in-rotated-sorted-array,"Array, Binary Search"
MEDIUM,Car Pooling,0,0.561,https://leetcode.com/problems/car-pooling,"Array, Sorting, Heap (Priority Queue), Simulation, Prefix Sum"
MEDIUM,Minimum Operations to Reduce X to Zero,0,0.401,https://leetcode.com/problems/minimum-operations-to-reduce-x-to-zero,"Array, Hash Table, Binary Search, Sliding Window, Prefix Sum"
MEDIUM,Delete Node in a BST,0,0.531,https://leetcode.com/problems/delete-node-in-a-bst,"Tree, Binary Search Tree, Binary Tree"
EASY,Sqrt(x),0,0.4039999999999999,https://leetcode.com/problems/sqrtx,"Math, Binary Search"
MEDIUM,Unique Paths II,0,0.432,https://leetcode.com/problems/unique-paths-ii,"Array, Dynamic Programming, Matrix"
EASY,Subtree of Another Tree,0,0.501,https://leetcode.com/problems/subtree-of-another-tree,"Tree, Depth-First Search, String Matching, Binary Tree, Hash Function"
MEDIUM,Find the Winner of the Circular Game,0,0.821,https://leetcode.com/problems/find-the-winner-of-the-circular-game,"Array, Math, Recursion, Queue, Simulation"
HARD,Maximum Students Taking Exam,0,0.522,https://leetcode.com/problems/maximum-students-taking-exam,"Array, Dynamic Programming, Bit Manipulation, Matrix, Bitmask"
EASY,Implement Stack using Queues,0,0.675,https://leetcode.com/problems/implement-stack-using-queues,"Stack, Design, Queue"
MEDIUM,Length of Longest Fibonacci Subsequence,0,0.5760000000000001,https://leetcode.com/problems/length-of-longest-fibonacci-subsequence,"Array, Hash Table, Dynamic Programming"
MEDIUM,Sum of Subarray Minimums,0,0.377,https://leetcode.com/problems/sum-of-subarray-minimums,"Array, Dynamic Programming, Stack, Monotonic Stack"
MEDIUM,Find Eventual Safe States,0,0.688,https://leetcode.com/problems/find-eventual-safe-states,"Depth-First Search, Breadth-First Search, Graph, Topological Sort"
MEDIUM,Count Sub Islands,0,0.728,https://leetcode.com/problems/count-sub-islands,"Array, Depth-First Search, Breadth-First Search, Union Find, Matrix"
MEDIUM,Find First and Last Position of Element in Sorted Array,0,0.469,https://leetcode.com/problems/find-first-and-last-position-of-element-in-sorted-array,"Array, Binary Search"
MEDIUM,Closest Nodes Queries in a Binary Search Tree,0,0.428,https://leetcode.com/problems/closest-nodes-queries-in-a-binary-search-tree,"Array, Binary Search, Tree, Depth-First Search, Binary Search Tree, Binary Tree"
EASY,Sort Array By Parity II,0,0.71,https://leetcode.com/problems/sort-array-by-parity-ii,"Array, Two Pointers, Sorting"
MEDIUM,Keys and Rooms,0,0.747,https://leetcode.com/problems/keys-and-rooms,"Depth-First Search, Breadth-First Search, Graph"
EASY,Kth Largest Element in a Stream,0,0.599,https://leetcode.com/problems/kth-largest-element-in-a-stream,"Tree, Design, Binary Search Tree, Heap (Priority Queue), Binary Tree, Data Stream"
HARD,Palindrome Partitioning III,0,0.616,https://leetcode.com/problems/palindrome-partitioning-iii,"String, Dynamic Programming"
HARD,Time Taken to Mark All Nodes,0,0.248,https://leetcode.com/problems/time-taken-to-mark-all-nodes,"Dynamic Programming, Tree, Depth-First Search, Graph"
HARD,Find Critical and Pseudo-Critical Edges in Minimum Spanning Tree,0,0.6629999999999999,https://leetcode.com/problems/find-critical-and-pseudo-critical-edges-in-minimum-spanning-tree,"Union Find, Graph, Sorting, Minimum Spanning Tree, Strongly Connected Component"
MEDIUM,Serialize and Deserialize BST,0,0.586,https://leetcode.com/problems/serialize-and-deserialize-bst,Binary Tree
MEDIUM,Permutations,0,0.807,https://leetcode.com/problems/permutations,"Array, Backtracking"
MEDIUM,Search a 2D Matrix,0,0.524,https://leetcode.com/problems/search-a-2d-matrix,"Array, Binary Search, Matrix"
MEDIUM,Frequency of the Most Frequent Element,0,0.441,https://leetcode.com/problems/frequency-of-the-most-frequent-element,"Array, Binary Search, Greedy, Sliding Window, Sorting, Prefix Sum"
MEDIUM,Largest Number,0,0.413,https://leetcode.com/problems/largest-number,"Array, String, Greedy, Sorting"
MEDIUM,Design Circular Queue,0,0.527,https://leetcode.com/problems/design-circular-queue,"Array, Linked List, Design, Queue"
HARD,Median of Two Sorted Arrays,0,0.439,https://leetcode.com/problems/median-of-two-sorted-arrays,"Array, Binary Search, Divide and Conquer"
HARD,Largest Color Value in a Directed Graph,0,0.5760000000000001,https://leetcode.com/problems/largest-color-value-in-a-directed-graph,"Hash Table, Dynamic Programming, Graph, Topological Sort, Memoization, Counting"
MEDIUM,Maximum Total Damage With Spell Casting,0,0.278,https://leetcode.com/problems/maximum-total-damage-with-spell-casting,"Array, Hash Table, Two Pointers, Binary Search, Dynamic Programming, Sorting, Counting"
HARD,Parallel Courses III,0,0.6679999999999999,https://leetcode.com/problems/parallel-courses-iii,"Array, Dynamic Programming, Graph, Topological Sort"
HARD,Wildcard Matching,0,0.3,https://leetcode.com/problems/wildcard-matching,"String, Dynamic Programming, Greedy, Recursion"
MEDIUM,Set Matrix Zeroes,0,0.608,https://leetcode.com/problems/set-matrix-zeroes,"Array, Hash Table, Matrix"
MEDIUM,Rank Teams by Votes,0,0.594,https://leetcode.com/problems/rank-teams-by-votes,"Array, Hash Table, String, Sorting, Counting"
HARD,Contains Duplicate III,0,0.237,https://leetcode.com/problems/contains-duplicate-iii,"Array, Sliding Window, Sorting, Bucket Sort, Ordered Set"
HARD,Profitable Schemes,0,0.48,https://leetcode.com/problems/profitable-schemes,"Array, Dynamic Programming"
HARD,Binary Tree Maximum Path Sum,0,0.413,https://leetcode.com/problems/binary-tree-maximum-path-sum,"Dynamic Programming, Tree, Depth-First Search, Binary Tree"
HARD,GCD Sort of an Array,0,0.466,https://leetcode.com/problems/gcd-sort-of-an-array,"Array, Math, Union Find, Sorting, Number Theory"
MEDIUM,Subarray Sum Equals K,0,0.456,https://leetcode.com/problems/subarray-sum-equals-k,"Array, Hash Table, Prefix Sum"
HARD,Sum of Distances in Tree,0,0.654,https://leetcode.com/problems/sum-of-distances-in-tree,"Dynamic Programming, Tree, Depth-First Search, Graph"
MEDIUM,Number of Sub-arrays of Size K and Average Greater than or Equal to Threshold,0,0.7040000000000001,https://leetcode.com/problems/number-of-sub-arrays-of-size-k-and-average-greater-than-or-equal-to-threshold,"Array, Sliding Window"
MEDIUM,Validate Binary Search Tree,0,0.344,https://leetcode.com/problems/validate-binary-search-tree,"Tree, Depth-First Search, Binary Search Tree, Binary Tree"
MEDIUM,Longest Palindromic Subsequence,0,0.642,https://leetcode.com/problems/longest-palindromic-subsequence,"String, Dynamic Programming"
MEDIUM,Bitwise AND of Numbers Range,0,0.478,https://leetcode.com/problems/bitwise-and-of-numbers-range,Bit Manipulation
MEDIUM,Construct Binary Tree from Preorder and Postorder Traversal,0,0.78,https://leetcode.com/problems/construct-binary-tree-from-preorder-and-postorder-traversal,"Array, Hash Table, Divide and Conquer, Tree, Binary Tree"
MEDIUM,Partition Equal Subset Sum,0,0.485,https://leetcode.com/problems/partition-equal-subset-sum,"Array, Dynamic Programming"
MEDIUM,K Closest Points to Origin,0,0.68,https://leetcode.com/problems/k-closest-points-to-origin,"Array, Math, Divide and Conquer, Geometry, Sorting, Heap (Priority Queue), Quickselect"
MEDIUM,Koko Eating Bananas,0,0.491,https://leetcode.com/problems/koko-eating-bananas,"Array, Binary Search"
MEDIUM,Minimum Number of Days to Make m Bouquets,0,0.555,https://leetcode.com/problems/minimum-number-of-days-to-make-m-bouquets,"Array, Binary Search"
HARD,Reverse Nodes in k-Group,0,0.632,https://leetcode.com/problems/reverse-nodes-in-k-group,"Linked List, Recursion"
HARD,Minimum Insertion Steps to Make a String Palindrome,0,0.726,https://leetcode.com/problems/minimum-insertion-steps-to-make-a-string-palindrome,"String, Dynamic Programming"
HARD,Longest Valid Parentheses,0,0.364,https://leetcode.com/problems/longest-valid-parentheses,"String, Dynamic Programming, Stack"
MEDIUM,Single Element in a Sorted Array,0,0.5920000000000001,https://leetcode.com/problems/single-element-in-a-sorted-array,"Array, Binary Search"
MEDIUM,Number of Longest Increasing Subsequence,0,0.5,https://leetcode.com/problems/number-of-longest-increasing-subsequence,"Array, Dynamic Programming, Binary Indexed Tree, Segment Tree"
MEDIUM,Minimum Swaps to Make Strings Equal,0,0.647,https://leetcode.com/problems/minimum-swaps-to-make-strings-equal,"Math, String, Greedy"
MEDIUM,Lowest Common Ancestor of a Binary Tree,0,0.669,https://leetcode.com/problems/lowest-common-ancestor-of-a-binary-tree,"Tree, Depth-First Search, Binary Tree"
MEDIUM,Unique Binary Search Trees,0,0.625,https://leetcode.com/problems/unique-binary-search-trees,"Math, Dynamic Programming, Tree, Binary Search Tree, Binary Tree"
MEDIUM,Maximal Square,0,0.488,https://leetcode.com/problems/maximal-square,"Array, Dynamic Programming, Matrix"
MEDIUM,Populating Next Right Pointers in Each Node,0,0.655,https://leetcode.com/problems/populating-next-right-pointers-in-each-node,"Linked List, Tree, Depth-First Search, Breadth-First Search, Binary Tree"
MEDIUM,Design Add and Search Words Data Structure,0,0.471,https://leetcode.com/problems/design-add-and-search-words-data-structure,"String, Depth-First Search, Design, Trie"
MEDIUM,Network Delay Time,0,0.5760000000000001,https://leetcode.com/problems/network-delay-time,"Depth-First Search, Breadth-First Search, Graph, Heap (Priority Queue), Shortest Path"
HARD,Find Median from Data Stream,0,0.534,https://leetcode.com/problems/find-median-from-data-stream,"Two Pointers, Design, Sorting, Heap (Priority Queue), Data Stream"
MEDIUM,House Robber,0,0.524,https://leetcode.com/problems/house-robber,"Array, Dynamic Programming"
MEDIUM,LRU Cache,0,0.4529999999999999,https://leetcode.com/problems/lru-cache,"Hash Table, Linked List, Design, Doubly-Linked List"
MEDIUM,Find the City With the Smallest Number of Neighbors at a Threshold Distance,0,0.7040000000000001,https://leetcode.com/problems/find-the-city-with-the-smallest-number-of-neighbors-at-a-threshold-distance,"Dynamic Programming, Graph, Shortest Path"
HARD,Create Sorted Array through Instructions,0,0.401,https://leetcode.com/problems/create-sorted-array-through-instructions,"Array, Binary Search, Divide and Conquer, Binary Indexed Tree, Segment Tree, Merge Sort, Ordered Set"
HARD,Maximum Sum BST in Binary Tree,0,0.445,https://leetcode.com/problems/maximum-sum-bst-in-binary-tree,"Dynamic Programming, Tree, Depth-First Search, Binary Search Tree, Binary Tree"
EASY,Balanced Binary Tree,0,0.555,https://leetcode.com/problems/balanced-binary-tree,"Tree, Depth-First Search, Binary Tree"
MEDIUM,Maximum Product Subarray,0,0.35,https://leetcode.com/problems/maximum-product-subarray,"Array, Dynamic Programming"
HARD,Find Longest Awesome Substring,0,0.4529999999999999,https://leetcode.com/problems/find-longest-awesome-substring,"Hash Table, String, Bit Manipulation"
MEDIUM,Custom Sort String,0,0.72,https://leetcode.com/problems/custom-sort-string,"Hash Table, String, Sorting"
MEDIUM,Maximum Gap,0,0.495,https://leetcode.com/problems/maximum-gap,"Array, Sorting, Bucket Sort, Radix Sort"
MEDIUM,Minimum Score Triangulation of Polygon,0,0.603,https://leetcode.com/problems/minimum-score-triangulation-of-polygon,"Array, Dynamic Programming"
MEDIUM,Increment Submatrices by One,0,0.52,https://leetcode.com/problems/increment-submatrices-by-one,"Array, Matrix, Prefix Sum"
MEDIUM,Insert into a Binary Search Tree,0,0.7340000000000001,https://leetcode.com/problems/insert-into-a-binary-search-tree,"Tree, Binary Search Tree, Binary Tree"
MEDIUM,Path Sum III,0,0.461,https://leetcode.com/problems/path-sum-iii,"Tree, Depth-First Search, Binary Tree"
HARD,Candy,0,0.4679999999999999,https://leetcode.com/problems/candy,"Array, Greedy"
MEDIUM,Shortest Subarray With OR at Least K II,0,0.502,https://leetcode.com/problems/shortest-subarray-with-or-at-least-k-ii,"Array, Bit Manipulation, Sliding Window"
MEDIUM,Number of Subarrays with Bounded Maximum,0,0.54,https://leetcode.com/problems/number-of-subarrays-with-bounded-maximum,"Array, Two Pointers"
MEDIUM,Gas Station,0,0.465,https://leetcode.com/problems/gas-station,"Array, Greedy"
HARD,Find Substring With Given Hash Value,0,0.249,https://leetcode.com/problems/find-substring-with-given-hash-value,"String, Sliding Window, Rolling Hash, Hash Function"
EASY,DI String Match,0,0.8009999999999999,https://leetcode.com/problems/di-string-match,"Array, Two Pointers, String, Greedy"
EASY,Middle of the Linked List,0,0.807,https://leetcode.com/problems/middle-of-the-linked-list,"Linked List, Two Pointers"
MEDIUM,Linked List Cycle II,0,0.551,https://leetcode.com/problems/linked-list-cycle-ii,"Hash Table, Linked List, Two Pointers"
EASY,Range Sum of BST,0,0.875,https://leetcode.com/problems/range-sum-of-bst,"Tree, Depth-First Search, Binary Search Tree, Binary Tree"
MEDIUM,Add Two Numbers,0,0.4629999999999999,https://leetcode.com/problems/add-two-numbers,"Linked List, Math, Recursion"
MEDIUM,Longest Common Subsequence,0,0.583,https://leetcode.com/problems/longest-common-subsequence,"String, Dynamic Programming"
MEDIUM,Balance a Binary Search Tree,0,0.847,https://leetcode.com/problems/balance-a-binary-search-tree,"Divide and Conquer, Greedy, Tree, Depth-First Search, Binary Search Tree, Binary Tree"
HARD,Sliding Window Maximum,0,0.477,https://leetcode.com/problems/sliding-window-maximum,"Array, Queue, Sliding Window, Heap (Priority Queue), Monotonic Queue"
HARD,Shortest Cycle in a Graph,0,0.376,https://leetcode.com/problems/shortest-cycle-in-a-graph,"Breadth-First Search, Graph"
MEDIUM,Is Graph Bipartite?,0,0.578,https://leetcode.com/problems/is-graph-bipartite,"Depth-First Search, Breadth-First Search, Union Find, Graph"
HARD,Count of Smaller Numbers After Self,0,0.429,https://leetcode.com/problems/count-of-smaller-numbers-after-self,"Array, Binary Search, Divide and Conquer, Binary Indexed Tree, Segment Tree, Merge Sort, Ordered Set"
MEDIUM,Binary Tree Level Order Traversal,0,0.7070000000000001,https://leetcode.com/problems/binary-tree-level-order-traversal,"Tree, Breadth-First Search, Binary Tree"
MEDIUM,Word Break,0,0.483,https://leetcode.com/problems/word-break,"Array, Hash Table, String, Dynamic Programming, Trie, Memoization"
MEDIUM,Coin Change,0,0.466,https://leetcode.com/problems/coin-change,"Array, Dynamic Programming, Breadth-First Search"
EASY,Range Sum Query - Immutable,0,0.687,https://leetcode.com/problems/range-sum-query-immutable,"Array, Design, Prefix Sum"
HARD,Checking Existence of Edge Length Limited Paths,0,0.628,https://leetcode.com/problems/checking-existence-of-edge-length-limited-paths,"Array, Two Pointers, Union Find, Graph, Sorting"
MEDIUM,Reveal Cards In Increasing Order,0,0.833,https://leetcode.com/problems/reveal-cards-in-increasing-order,"Array, Queue, Sorting, Simulation"
EASY,Majority Element,0,0.6579999999999999,https://leetcode.com/problems/majority-element,"Array, Hash Table, Divide and Conquer, Sorting, Counting"
MEDIUM,Minimum Path Sum,0,0.6659999999999999,https://leetcode.com/problems/minimum-path-sum,"Array, Dynamic Programming, Matrix"
MEDIUM,Binary Search Tree Iterator,0,0.75,https://leetcode.com/problems/binary-search-tree-iterator,"Stack, Tree, Design, Binary Search Tree, Binary Tree, Iterator"
MEDIUM,Maximum Subarray,0,0.521,https://leetcode.com/problems/maximum-subarray,"Array, Divide and Conquer, Dynamic Programming"
MEDIUM,Partition Array for Maximum Sum,0,0.77,https://leetcode.com/problems/partition-array-for-maximum-sum,"Array, Dynamic Programming"
EASY,Two Sum IV - Input is a BST,0,0.623,https://leetcode.com/problems/two-sum-iv-input-is-a-bst,"Hash Table, Two Pointers, Tree, Depth-First Search, Breadth-First Search, Binary Search Tree, Binary Tree"
HARD,Cherry Pickup,0,0.379,https://leetcode.com/problems/cherry-pickup,"Array, Dynamic Programming, Matrix"
MEDIUM,Lowest Common Ancestor of a Binary Search Tree,0,0.685,https://leetcode.com/problems/lowest-common-ancestor-of-a-binary-search-tree,"Tree, Depth-First Search, Binary Search Tree, Binary Tree"
EASY,Search in a Binary Search Tree,0,0.818,https://leetcode.com/problems/search-in-a-binary-search-tree,"Tree, Binary Search Tree, Binary Tree"
MEDIUM,Letter Combinations of a Phone Number,0,0.64,https://leetcode.com/problems/letter-combinations-of-a-phone-number,"Hash Table, String, Backtracking"
MEDIUM,All Ancestors of a Node in a Directed Acyclic Graph,0,0.619,https://leetcode.com/problems/all-ancestors-of-a-node-in-a-directed-acyclic-graph,"Depth-First Search, Breadth-First Search, Graph, Topological Sort"
MEDIUM,Product of Array Except Self,0,0.6779999999999999,https://leetcode.com/problems/product-of-array-except-self,"Array, Prefix Sum"
MEDIUM,Maximum Value at a Given Index in a Bounded Array,0,0.3879999999999999,https://leetcode.com/problems/maximum-value-at-a-given-index-in-a-bounded-array,"Math, Binary Search, Greedy"
HARD,N-Queens,0,0.73,https://leetcode.com/problems/n-queens,"Array, Backtracking"
MEDIUM,Binary Search Tree to Greater Sum Tree,0,0.883,https://leetcode.com/problems/binary-search-tree-to-greater-sum-tree,"Tree, Depth-First Search, Binary Search Tree, Binary Tree"
MEDIUM,01 Matrix,0,0.516,https://leetcode.com/problems/01-matrix,"Array, Dynamic Programming, Breadth-First Search, Matrix"
EASY,N-ary Tree Postorder Traversal,0,0.807,https://leetcode.com/problems/n-ary-tree-postorder-traversal,"Stack, Tree, Depth-First Search"
MEDIUM,Longest Arithmetic Subsequence,0,0.495,https://leetcode.com/problems/longest-arithmetic-subsequence,"Array, Hash Table, Binary Search, Dynamic Programming"
MEDIUM,Maximum Points You Can Obtain from Cards,0,0.5579999999999999,https://leetcode.com/problems/maximum-points-you-can-obtain-from-cards,"Array, Sliding Window, Prefix Sum"
MEDIUM,Count Square Submatrices with All Ones,0,0.787,https://leetcode.com/problems/count-square-submatrices-with-all-ones,"Array, Dynamic Programming, Matrix"
MEDIUM,3Sum,0,0.372,https://leetcode.com/problems/3sum,"Array, Two Pointers, Sorting"
MEDIUM,Range Sum Query 2D - Immutable,0,0.5660000000000001,https://leetcode.com/problems/range-sum-query-2d-immutable,"Array, Design, Matrix, Prefix Sum"
MEDIUM,Partition Array According to Given Pivot,0,0.899,https://leetcode.com/problems/partition-array-according-to-given-pivot,"Array, Two Pointers, Simulation"
HARD,Split Array Largest Sum,0,0.583,https://leetcode.com/problems/split-array-largest-sum,"Array, Binary Search, Dynamic Programming, Greedy, Prefix Sum"
MEDIUM,Find K Pairs with Smallest Sums,0,0.408,https://leetcode.com/problems/find-k-pairs-with-smallest-sums,"Array, Heap (Priority Queue)"
MEDIUM,Find All Groups of Farmland,0,0.755,https://leetcode.com/problems/find-all-groups-of-farmland,"Array, Depth-First Search, Breadth-First Search, Matrix"
EASY,Transpose Matrix,0,0.7440000000000001,https://leetcode.com/problems/transpose-matrix,"Array, Matrix, Simulation"
MEDIUM,Subsets II,0,0.596,https://leetcode.com/problems/subsets-ii,"Array, Backtracking, Bit Manipulation"
HARD,Word Ladder,0,0.43,https://leetcode.com/problems/word-ladder,"Hash Table, String, Breadth-First Search"
MEDIUM,Jump Game II,0,0.416,https://leetcode.com/problems/jump-game-ii,"Array, Dynamic Programming, Greedy"
MEDIUM,Longest Increasing Subsequence,0,0.579,https://leetcode.com/problems/longest-increasing-subsequence,"Array, Binary Search, Dynamic Programming"
HARD,Longest Happy Prefix,0,0.492,https://leetcode.com/problems/longest-happy-prefix,"String, Rolling Hash, String Matching, Hash Function"
HARD,Meeting Rooms III,0,0.439,https://leetcode.com/problems/meeting-rooms-iii,"Array, Hash Table, Sorting, Heap (Priority Queue), Simulation"
HARD,Serialize and Deserialize Binary Tree,0,0.591,https://leetcode.com/problems/serialize-and-deserialize-binary-tree,"String, Tree, Depth-First Search, Breadth-First Search, Design, Binary Tree"
MEDIUM,Minimum Cost to Convert String I,0,0.575,https://leetcode.com/problems/minimum-cost-to-convert-string-i,"Array, String, Graph, Shortest Path"
MEDIUM,Edit Distance,0,0.589,https://leetcode.com/problems/edit-distance,"String, Dynamic Programming"
HARD,Maximal Rectangle,0,0.539,https://leetcode.com/problems/maximal-rectangle,"Array, Dynamic Programming, Stack, Matrix, Monotonic Stack"
HARD,Minimum Cost to Hire K Workers,0,0.635,https://leetcode.com/problems/minimum-cost-to-hire-k-workers,"Array, Greedy, Sorting, Heap (Priority Queue)"
EASY,Reverse Linked List,0,0.7929999999999999,https://leetcode.com/problems/reverse-linked-list,"Linked List, Recursion"
MEDIUM,Maximum XOR of Two Numbers in an Array,0,0.5329999999999999,https://leetcode.com/problems/maximum-xor-of-two-numbers-in-an-array,"Array, Hash Table, Bit Manipulation, Trie"
HARD,Number of Flowers in Full Bloom,0,0.5720000000000001,https://leetcode.com/problems/number-of-flowers-in-full-bloom,"Array, Hash Table, Binary Search, Sorting, Prefix Sum, Ordered Set"
MEDIUM,Total Cost to Hire K Workers,0,0.431,https://leetcode.com/problems/total-cost-to-hire-k-workers,"Array, Two Pointers, Heap (Priority Queue), Simulation"
MEDIUM,Reorder Routes to Make All Paths Lead to the City Zero,0,0.6509999999999999,https://leetcode.com/problems/reorder-routes-to-make-all-paths-lead-to-the-city-zero,"Depth-First Search, Breadth-First Search, Graph"
MEDIUM,Convert BST to Greater Tree,0,0.706,https://leetcode.com/problems/convert-bst-to-greater-tree,"Tree, Depth-First Search, Binary Search Tree, Binary Tree"
MEDIUM,Combination Sum II,0,0.578,https://leetcode.com/problems/combination-sum-ii,"Array, Backtracking"
MEDIUM,Reverse Words in a String,0,0.522,https://leetcode.com/problems/reverse-words-in-a-string,"Two Pointers, String"
HARD,Kth Smallest Product of Two Sorted Arrays,0,0.491,https://leetcode.com/problems/kth-smallest-product-of-two-sorted-arrays,"Array, Binary Search"
HARD,Kth Smallest Number in Multiplication Table,0,0.529,https://leetcode.com/problems/kth-smallest-number-in-multiplication-table,"Math, Binary Search"
HARD,Integer to English Words,0,0.344,https://leetcode.com/problems/integer-to-english-words,"Math, String, Recursion"
HARD,Patching Array,0,0.535,https://leetcode.com/problems/patching-array,"Array, Greedy"
MEDIUM,Min Stack,0,0.565,https://leetcode.com/problems/min-stack,"Stack, Design"
EASY,Linked List Cycle,0,0.527,https://leetcode.com/problems/linked-list-cycle,"Hash Table, Linked List, Two Pointers"
HARD,Number of Paths with Max Score,0,0.411,https://leetcode.com/problems/number-of-paths-with-max-score,"Array, Dynamic Programming, Matrix"
HARD,Burst Balloons,0,0.615,https://leetcode.com/problems/burst-balloons,"Array, Dynamic Programming"
MEDIUM,Clone Graph,0,0.626,https://leetcode.com/problems/clone-graph,"Hash Table, Depth-First Search, Breadth-First Search, Graph"
EASY,Relative Sort Array,0,0.7490000000000001,https://leetcode.com/problems/relative-sort-array,"Array, Hash Table, Sorting, Counting Sort"
MEDIUM,Binary Tree Right Side View,0,0.672,https://leetcode.com/problems/binary-tree-right-side-view,"Tree, Depth-First Search, Breadth-First Search, Binary Tree"
HARD,Trapping Rain Water,0,0.652,https://leetcode.com/problems/trapping-rain-water,"Array, Two Pointers, Dynamic Programming, Stack, Monotonic Stack"
MEDIUM,Largest Divisible Subset,0,0.489,https://leetcode.com/problems/largest-divisible-subset,"Array, Math, Dynamic Programming, Sorting"
MEDIUM,Copy List with Random Pointer,0,0.607,https://leetcode.com/problems/copy-list-with-random-pointer,"Hash Table, Linked List"
HARD,Second Minimum Time to Reach Destination,0,0.625,https://leetcode.com/problems/second-minimum-time-to-reach-destination,"Breadth-First Search, Graph, Shortest Path"
MEDIUM,Implement Trie (Prefix Tree),0,0.68,https://leetcode.com/problems/implement-trie-prefix-tree,"Hash Table, String, Design, Trie"
HARD,Stamping The Sequence,0,0.619,https://leetcode.com/problems/stamping-the-sequence,"String, Stack, Greedy, Queue"
MEDIUM,Single Number III,0,0.706,https://leetcode.com/problems/single-number-iii,"Array, Bit Manipulation"
MEDIUM,Maximum Number of Events That Can Be Attended,0,0.33,https://leetcode.com/problems/maximum-number-of-events-that-can-be-attended,"Array, Greedy, Sorting, Heap (Priority Queue)"
EASY,Min Cost Climbing Stairs,0,0.6729999999999999,https://leetcode.com/problems/min-cost-climbing-stairs,"Array, Dynamic Programming"
HARD,Number of Pairs Satisfying Inequality,0,0.455,https://leetcode.com/problems/number-of-pairs-satisfying-inequality,"Array, Binary Search, Divide and Conquer, Binary Indexed Tree, Segment Tree, Merge Sort, Ordered Set"
HARD,Number of Submatrices That Sum to Target,0,0.745,https://leetcode.com/problems/number-of-submatrices-that-sum-to-target,"Array, Hash Table, Matrix, Prefix Sum"
MEDIUM,Coin Change II,0,0.621,https://leetcode.com/problems/coin-change-ii,"Array, Dynamic Programming"
HARD,Minimum Falling Path Sum II,0,0.638,https://leetcode.com/problems/minimum-falling-path-sum-ii,"Array, Dynamic Programming, Matrix"
MEDIUM,Path Sum II,0,0.606,https://leetcode.com/problems/path-sum-ii,"Backtracking, Tree, Depth-First Search, Binary Tree"
MEDIUM,Daily Temperatures,0,0.674,https://leetcode.com/problems/daily-temperatures,"Array, Stack, Monotonic Stack"
EASY,Increasing Order Search Tree,0,0.787,https://leetcode.com/problems/increasing-order-search-tree,"Stack, Tree, Depth-First Search, Binary Search Tree, Binary Tree"
MEDIUM,Target Sum,0,0.509,https://leetcode.com/problems/target-sum,"Array, Dynamic Programming, Backtracking"
MEDIUM,Rotting Oranges,0,0.5670000000000001,https://leetcode.com/problems/rotting-oranges,"Array, Breadth-First Search, Matrix"
HARD,Maximum Frequency Stack,0,0.662,https://leetcode.com/problems/maximum-frequency-stack,"Hash Table, Stack, Design, Ordered Set"
EASY,Find Mode in Binary Search Tree,0,0.5760000000000001,https://leetcode.com/problems/find-mode-in-binary-search-tree,"Tree, Depth-First Search, Binary Search Tree, Binary Tree"
MEDIUM,Find Peak Element,0,0.465,https://leetcode.com/problems/find-peak-element,"Array, Binary Search"
MEDIUM,Beautiful Towers II,0,0.347,https://leetcode.com/problems/beautiful-towers-ii,"Array, Stack, Monotonic Stack"
HARD,First Missing Positive,0,0.412,https://leetcode.com/problems/first-missing-positive,"Array, Hash Table"
MEDIUM,Count the Number of Good Subarrays,0,0.66,https://leetcode.com/problems/count-the-number-of-good-subarrays,"Array, Hash Table, Sliding Window"
MEDIUM,Course Schedule II,0,0.535,https://leetcode.com/problems/course-schedule-ii,"Depth-First Search, Breadth-First Search, Graph, Topological Sort"
EASY,Binary Tree Preorder Traversal,0,0.7340000000000001,https://leetcode.com/problems/binary-tree-preorder-traversal,"Stack, Tree, Depth-First Search, Binary Tree"
MEDIUM,Subarray Sums Divisible by K,0,0.557,https://leetcode.com/problems/subarray-sums-divisible-by-k,"Array, Hash Table, Prefix Sum"
MEDIUM,Rotate Array,0,0.431,https://leetcode.com/problems/rotate-array,"Array, Math, Two Pointers"
